"----------","0115907368879427151508031","----------","----------","2","Kamil Gadek: \"Activlab High Whey Protein Bar 24 x 80g blackcurrant with joghurt coat 2szt 03.08.2015\".
Krzysztof Kotlarski: \"Activ lab sport high whey protein bar 24x80 blackcurrant flavour 03/08/2015 tego produktu jest 12szt\"."
"----------","0115907368879441151505281","----------","----------","1","Kamil Gadek: \"ActivLab High Whey Protein Bar 24 x 80g lemon with joghurt coating 2szt 03/08/2015\"."
"----------","0115907368879441151508031","----------","----------","1","Krzysztof Kotlarski: \"Activ lab high protein bar lemon flavour bar 80gx24 03/08/2015.  Tego produktu jest 12szt\"."
"----------","0115907368884759151508031","----------","----------","2","Kamil Gadek: \"Activlab High Whey Protein Bar 24 x 80g vanilla with joghurt coating 2szt 03.08.2015\".
Krzysztof Kotlarski: \"Activ lab sport high whey protein bar vanilla flavour 24x80g 03/08/2015 tego produktu jest 12szt\"."
"----------","5907368814094","----------","----------","13","Maciej Gielazun: \"Activlab  hot  1000g  grape fruit\".
Kamil Gadek: \"ActivLab Hot Sport Drink Grape Fruit 1000g\"."
"----------","5907368814100","----------","----------","13","Maciej Gielazun: \"Activlab  hot  1000g  lemon\"."
"----------","5907368821900","----------","----------","6","Michal Kadela: \"Activlab  creatine capsules  300 caps\"."
"----------","5907368827827","----------","----------","6","Krzysztof Kotlarski: \"Activlab bcaa 1000 xxl tabs 240 tablets/336g\"."
"----------","5907368829715","----------","----------","7","Maciej Gielazun: \"Activlab  whey best mass  3000g  vanilla\"."
"----------","5907368833460","----------","----------","1","Maciej Gielazun: \"Activlab  carbomax  1000g  sicilian lemon\"."
"----------","5907368833859","----------","----------","7","Kamil Gadek: \"ActivLab Carbomax orange 3000g\"."
"----------","5907368833873","----------","----------","7","Maciej Gielazun: \"Activlab  carbomax  3000  grapefruit\"."
"----------","5907368833880","----------","----------","7","Michal Kadela: \"ACTIVLAB  carbomax  kiwi  3000 g\"."
"----------","5907368833897","----------","----------","8","Kamil Gadek: \"ActivLab Carbomax black currant 3000g \"."
"----------","5907368833903","----------","----------","1","Maciej Gielazun: \"Activlab  carbomax  3000g  lemon\"."
"----------","5907368833910","----------","----------","1","Maciej Gielazun: \"Activlab  carbomax  1000g  strawberry\"."
"----------","5907368833927","----------","----------","1","Maciej Gielazun: \"Activlab  carbomax  1000g  orange\"."
"----------","5907368833958","----------","----------","1","Maciej Gielazun: \"Activlab  carbomax  1000g  kiwi\"."
"----------","5907368833965","----------","----------","11","Michal Kadela: \"ACTIVLAB  carbomax black currant  1000g\".
Maciej Gielazun: \"Activlab  carbomax  1000g  black currant\"."
"----------","5907368835709","----------","----------","12","Kamil Gadek: \"ActivLab Arginine 3 128 caps\"."
"----------","5907368837109","----------","----------","6","Kamil Gadek: \"ActivLab Tricreatine Malate pro 300 caps\"."
"----------","5907368839295","----------","----------","8","Kamil Gadek: \"ActivLab Tribu Stallion 60caps\"."
"----------","5907368843230","----------","----------","9","Kamil Gadek: \"ActivLab CLA plus Green Tea 60caps\"."
"----------","5907368844275","----------","----------","6","Kamil Gadek: \"ActivLab NoMuscle Pump 750g grapefruit\"."
"----------","5907368845180","----------","----------","12","Michal Kadela: \"ACTIVLAB  BETA-ALANINE  128 CAPS\"."
"----------","5907368848143","----------","----------","11","Maciej Gielazun: \"Activlab  crea shot  1000g  lemon\"."
"----------","5907368849621","----------","----------","11","Kamil Gadek: \"ActivLab Dextrose XTRA orange 1000g\"."
"----------","5907368849638","----------","----------","3","Michal Kadela: \"Activlab  dextrose xtra  grapefruit  1000 g\"."
"----------","5907368849645","----------","----------","10","Kamil Gadek: \"ActivLab Dextrose XTRA 1000g lemon \"."
"----------","5907368850160","----------","----------","13","Ewelina Stepien: \"BCAA XTRA GRAPEFRUIT 500G\".
Michal Kadela: \"Activlab  bcaa xtra  grapefruit  500\".
Krzysztof Kotlarski: \"Activlab bcaa xtra strong anticatabolic formula grapefruit 500g\"."
"----------","5907368850214","----------","----------","12","Ewelina Stepien: \"BCAA XTRA ORANGE 500g\".
Krzysztof Kotlarski: \"Activlab bcaaxtra strong anticatabolic formula orange 500g\"."
"----------","5907368850542","----------","----------","6","Krzysztof Kotlarski: \"Activlab glutamine xtra lemon 450g 20/05/2015 \"."
"----------","5907368850559","----------","----------","6","Ewelina Stepien: \"GLUTAMINE XTRA GRAPEFRUIT 450g\"."
"----------","5907368850566","----------","----------","3","Michal Kadela: \"Activlab  glutamine xtra  orange  450 g\"."
"----------","5907368852157","----------","----------","2","Kamil Gadek: \"ActivLab EAA XTRA essential amino acids lemon 500g\"."
"----------","5907368852164","----------","----------","12","Ewelina Stepien: \"EAA XTRA essential amino acids grapefruit 500g\".
Krzysztof Kotlarski: \"Activlab eaa xtra essential amino acids grapefruit 500g\"."
"----------","5907368852171","----------","----------","14","Kamil Gadek: \"ActivLab EAA Xtra 500g Orange \".
Krzysztof Kotlarski: \"Activ lab eaa xtra essential amino acids orange 500g\"."
"----------","5907368855127","----------","----------","3","Michal Kadela: \"ACTIVLAB  NITRO CAPS  120 CAPC\"."
"----------","5907368855158","----------","----------","6","Michal Kadela: \"Activlab  nitro caps  240 caps\"."
"----------","5907368855752","----------","----------","96","Michal Kadela: \"ACTIVLAB  BCAA XTRA drink  orange  250ml\"."
"----------","5907368855967","----------","----------","5","Kamil Gadek: \"Activlab Mass Up 5000g strawberry \"."
"----------","5907368856421","----------","----------","7","Kamil Gadek: \"ActivLab Leucine XTRA + HMB 500g orange\".
Krzysztof Kotlarski: \"Activlab leucine xtra +hmb orange 500g\"."
"----------","5907368856445","----------","----------","7","Kamil Gadek: \"ActivLab Leucine XTRA + HMB 500g lemon\".
Krzysztof Kotlarski: \"Activlab leucine +hmb xtra lemon 500g\"."
"----------","5907368858715","----------","----------","10","Michal Kadela: \"ACTIVLAB  MASS UP  CHOCOLATE  5000 g\".
Kamil Gadek: \"ActivLab Mass Up chocolate 5000g\"."
"----------","5907368859330","----------","----------","1","Kamil Gadek: \"ActivLab BCAA XTRA 500g cherry\"."
"----------","5907368859613","----------","----------","6","Krzysztof Kotlarski: \"Avtivlab stamina booster grapefruit 400g\"."
"----------","5907368859637","----------","----------","6","Krzysztof Kotlarski: \"Activlab stamina booster orange 400g \"."
"----------","5907368859651","----------","----------","1","Michal Kadela: \"Activlab  stamina booster  cherry  400 g\"."
"----------","5907368859675","----------","----------","1","Michal Kadela: \"Activlab  stamina booster  lemon  400 g\"."
"----------","5907368860299","----------","----------","10","Kamil Gadek: \"ActivLab Creatine 120tabs\"."
"----------","5907368860305","----------","----------","6","Kamil Gadek: \"ActivLab Creatine 300tabs\"."
"----------","5907368862804","----------","----------","5","Michal Kadela: \"ACTIVLAB  mass up  vanilla  5000 g\"."
"----------","5907368863009","----------","----------","9","Kamil Gadek: \"ActivLab Thermo Shape 2.0 90caps\"."
"----------","5907368863016","----------","----------","12","Michal Kadela: \"ACTIVLAB  thermo shape 2.0  180 caps\"."
"----------","5907368863610","----------","----------","15","Krzysztof Kotlarski: \"Activ lab sport creatine musli bar 3000mg creatine 35x30g cranberry 31/08/2015\"."
"----------","5907368863641","----------","----------","15","Krzysztof Kotlarski: \"Activ lab creatine musli bar 3000mg creatine coconut 31/08/2015 35x30g\"."
"----------","5907368863740","----------","----------","9","Kamil Gadek: \"ActivLab Whey Protein 95 chocolate 1600g\"."
"----------","5907368863764","----------","----------","8","Kamil Gadek: \"ActivLab Whey Protein 95 vanilla 1600g05/09/2015\"."
"----------","5907368863962","----------","----------","7","Kamil Gadek: \"ActivLab Soja Pro vanilla 2000g\"."
"----------","5907368864488","----------","----------","8","Kamil Gadek: \"ActivLab Soja Pro chocolate 2000g\"."
"----------","5907368865904","----------","----------","7","Michal Kadela: \"Activlab  isoactive  orange  630 g\"."
"----------","5907368865911","----------","----------","7","Michal Kadela: \"Activlab  isoactive  grapefruit  630 g\".
Kamil Gadek: \"ActivLab ISOACTIVE 630g grapefruit \"."
"----------","5907368868967","----------","----------","7","Kamil Gadek: \"ActivLab Protein Shake vanilla 2000g\"."
"----------","5907368868974","----------","----------","7","Kamil Gadek: \"ActivLabs Protein Shake chocolate 2000g\"."
"----------","5907368868998","----------","----------","2","Kamil Gadek: \"ActivLab L-carnitine 500 \"."
"----------","5907368869018","----------","----------","9","Kamil Gadek: \"ActivLab ThermoGenic 120caps\"."
"----------","5907368869070","----------","----------","6","Michal Kadela: \"Activlab  creatine  beta-alanine  orange  300 g\".
Kamil Gadek: \"ActivLab Creatine Beta-Alanine 300g orange \"."
"----------","5907368869087","----------","----------","6","Kamil Gadek: \"ActivLab Creatine Beta - Alanine 300g grapefruit\"."
"----------","5907368869094","----------","----------","2","Michal Kadela: \"Activlab  creatine  beta-alanine  lemon  300 g\"."
"----------","5907368871561","----------","----------","1","Michal Kadela: \"Activlab  muscle up protein  vanilla  700 g\"."
"----------","5907368871578","----------","----------","1","Michal Kadela: \"Activlab  muscle up protein  chocolate  700 g\"."
"----------","5907368871585","----------","----------","7","Maciej Gielazun: \"Activlab  muscle up protein  2000g  chocolate\"."
"----------","5907368871608","----------","----------","7","Kamil Gadek: \"ActivLab Muscle Up vanilla 2000g\"."
"----------","5907368872278","----------","----------","6","Krzysztof Kotlarski: \"Activlab bcaa 100% orange 400g\"."
"----------","5907368872285","----------","----------","2","Kamil Gadek: \"ActivLab BCAA 100% lemon 400g\"."
"----------","5907368872292","----------","----------","6","Krzysztof Kotlarski: \"Activlab bcaa 100% grapefruit 400g\"."
"----------","5907368872520","----------","----------","6","Michal Kadela: \"Activlab  crea shot 2.0  lemon  500 g\"."
"----------","5907368872537","----------","----------","3","Michal Kadela: \"Activlab  crea shot 2.0  gapefruit  500 g\"."
"----------","5907368872544","----------","----------","2","Kamil Gadek: \"ActivLab CREA SHOT 2.0 500g orange\"."
"----------","5907368872742","----------","----------","13","Ewelina Stepien: \"GLUTAMINE 1000 TABS 240tabs\".
Kamil Gadek: \"ActivLab Glutamine 1000 240 tabs\".
Krzysztof Kotlarski: \"Activlab glutamine 1000 240tabs \"."
"----------","5907368872759","----------","----------","2","Kamil Gadek: \"ActivLab Glutamine 1000 120tabs\"."
"----------","5907368873312","----------","----------","1","Michal Kadela: \"Activelab  crea carbo  black currant  1000 g\"."
"----------","5907368873329","----------","----------","1","Michal Kadela: \"Activlab  crea carbo  lemon  1000 g\"."
"----------","5907368873336","----------","----------","1","Michal Kadela: \"Activlab  crea carbo  strawberry  1000 g\"."
"----------","5907368873343","----------","----------","10","Krzysztof Kotlarski: \"Activlab crea carbo grapefruit 1000g aspartam free\"."
"----------","5907368873367","----------","----------","1","Michal Kadela: \"Activlab  crea carbo  kiwi  1000 g\"."
"----------","5907368873374","----------","----------","10","Krzysztof Kotlarski: \"Activlab crea carbo aspartam free blueberry 1000g\"."
"----------","5907368873381","----------","----------","10","Krzysztof Kotlarski: \"Activlab activprotein vanilla 700g aspartamfree\"."
"----------","5907368873398","----------","----------","1","Maciej Gielazun: \"Activlab  activ protein  700g  strawberry\"."
"----------","5907368873404","----------","----------","11","Ewelina Stepien: \"ACTIV PROTEIN CHOCOLATE&MINT 700G\".
Maciej Gielazun: \"Activlab  activ protein  700g  chocolate mint\"."
"----------","5907368873442","----------","----------","3","Michal Kadela: \"Activlab  heavy weight  strawberry  1000 g\"."
"----------","5907368873466","----------","----------","11","Maciej Gielazun: \"Activlab  heavy weight  1000g  chocolate\".
Krzysztof Kotlarski: \"Activlab heavy weight chocolate 1000g aspartam free\"."
"----------","5907368873480","----------","----------","11","Kamil Gadek: \"ActivLab heavy weight 1000g vanilla\"."
"----------","5907368873787","----------","----------","7","Michal Kadela: \"ACTIVLAB  WHEY BEST MASS  CHOCOLATE  3000 G\"."
"----------","5907368874357","----------","----------","10","Michal Kadela: \"ACTIVLAB  recovery 2.0  lemon  900 G\"."
"----------","5907368874371","----------","----------","1","Michal Kadela: \"Activlab  recovery 2.0  grapefruit  900 g\"."
"----------","5907368874395","----------","----------","10","Kamil Gadek: \"ActivLab Recovery 2.0 900g orange \"."
"----------","5907368875057","----------","----------","1","Kamil Gadek: \"ActivLab Creatine Powder 500g black currant\"."
"----------","5907368875095","----------","----------","6","Michal Kadela: \"Activlab  creatine powder   500 g\"."
"----------","5907368875132","----------","----------","6","Michal Kadela: \"Activlab  creatine powder  cherry  500 g\"."
"----------","5907368875309","----------","----------","1","Michal Kadela: \"Activlab  tcm powder  lemon  500 g\"."
"----------","5907368875323","----------","----------","1","Michal Kadela: \"Activlab  tcm powder  grapefruit  500 g\"."
"----------","5907368875361","----------","----------","6","Michal Kadela: \"Activlab  tcm powder  orange  500 g\"."
"----------","5907368875408","----------","----------","1","Michal Kadela: \"Activlab  tcm powder  blackcurrant  500 g\"."
"----------","5907368875736","----------","----------","1","Michal Kadela: \"Activlab  bcaa xtra  kiwi  500 g\"."
"----------","5907368875767","----------","----------","13","Michal Kadela: \"Activlab  bcaa xtra  blueberry  500\".
Krzysztof Kotlarski: \"Activlab bcaa xtra strong anticatabolic formula blueberry 500g\"."
"----------","5907368875781","----------","----------","12","Krzysztof Kotlarski: \"Activlab bcaa xtra strong anticatabolic formula blackcurrant 500g\"."
"----------","5907368875798","----------","----------","1","Kamil Gadek: \"ActivLab BCAA XTRA 500g strawberry \"."
"----------","5907368875859","----------","----------","1","Michal Kadela: \"Activelab  bcaa xtra  black currant  800 g\"."
"----------","5907368876313","----------","----------","5","Michal Kadela: \"ACTIVLAB  mass up  yoghurt cherry  5000 g\"."
"----------","5907368876887","----------","----------","8","Michal Kadela: \"ACTIVLAB  HIGH WHEY ISOLATE PREMIUM  CHOCOLATE WITH MINT  1320 G\"."
"----------","5907368876900","----------","----------","2","Michal Kadela: \"ACTIVLAB  high whey isolate premium  strawberry  1320 g\"."
"----------","5907368876924","----------","----------","8","Michal Kadela: \"ACTIVLAB  HIGH WHEY ISOLATE PREMIUM  VANILLA  1320 G\"."
"----------","5907368879499","----------","----------","3","Michal Kadela: \"ACTIVLAB   FIRESTARTER  20 PORTIONS 21/10/15\"."
"----------","5907368880129","----------","----------","7","Michal Kadela: \"Activlab  creatine powder  lemon  500 g + 100 g gratis\"."
"----------","5907368880174","----------","----------","7","Michal Kadela: \"Activlab  tcm powder  lemon  500 g+100 g gratis\"."
"----------","5907368880792","----------","----------","6","Kamil Gadek: \"ActivLab Creatine Powder 500g + 100g gratis black currant\"."
"----------","5907368880853","----------","----------","7","Michal Kadela: \"Activlab  tcm powder  black currant  500 g + 100 g gratis\".
Kamil Gadek: \"ActivLab TCM Powder 500g + 100g black currant\"."
"----------","5907368882550","----------","----------","13","Michal Kadela: \"ACTIVLAB  CHICKEN PROTEIN  120 CAPS\"."
"----------","5907368884134","----------","----------","7","Michal Kadela: \"Activlab  bcaa cross training  orange  400 g\".
Krzysztof Kotlarski: \"Activ lab bcaa cross training orange 400g\"."
"----------","5907368884141","----------","----------","7","Ewelina Stepien: \"BCAA CROSS TRAINING LEMON 400G\".
Kamil Gadek: \"ActivLab BCAA Cross Training 400g lemon\"."
"----------","5907368884158","----------","----------","1","Michal Kadela: \"Activlab  bcaa cross training  grapefruit  400 g\"."
"----------","5907368886121","----------","----------","14","Kamil Gadek: \"ActivLab Breakfast protein strawberry flavour 1000g\"."
"----------","5907368886183","----------","----------","1","Michal Kadela: \"ACTIVLAB  breakfast protein  coconut-vanilla  1000 g\"."
"----------","5907368886190","----------","----------","11","Michal Kadela: \"ACTIVLAB  BREAKFAST PROTEIN  CHOCOLATE  1000 g\".
Kamil Gadek: \"ActivLab Breakfast protein oats and rice cereals chocolate 1000g\"."
"----------","5907368886213","----------","----------","14","Kamil Gadek: \"ActivLab breakfast protein yoghurt-cherry flavour 1000g\"."
"----------","5907368886237","----------","----------","1","Kamil Gadek: \"ActivLab Breakfast protein forest fruit flavour 1000g\"."
"----------","5907368886251","----------","----------","13","Michal Kadela: \"ACTIVLAB  night protein  chocolate  1000 g\".
Kamil Gadek: \"ActivLab Night protein chocolate flavour 1000g\"."
"----------","5907368886275","----------","----------","1","Michal Kadela: \"\".
Kamil Gadek: \"ActivLab Night protein chocolate with mint flavour 1000g\"."
"----------","5907368886299","----------","----------","13","Kamil Gadek: \"ActivLab Night protein yoghurt-cherry flavour 1000g\"."
"----------","5907368886312","----------","----------","2","Kamil Gadek: \"ActivLab Night protein walnut flavour 1000g\"."
"----------","5907368886336","----------","----------","2","Michal Kadela: \"ACTIVLAB  night protein  vanilla  1000 g\"."
"----------","5907368886350","----------","----------","13","Michal Kadela: \"ACTIVLAB  ALL DAY PROTEIN  yoghurt cherry  900 g\"."
"----------","5907368886374","----------","----------","13","Kamil Gadek: \"ActivLab All Day protein strawberry flavour 900g\"."
"----------","5907368886398","----------","----------","1","Michal Kadela: \"ACTIVLAB  ALL DAY PROTEIN  VANILLA  900 G\"."
"----------","5907368886411","----------","----------","13","Michal Kadela: \"ACTIVLAB  ALL DAY PROTEIN  CHOCOLATE WITH MINT  900 G\"."
"----------","5907368889573","----------","----------","8","Michal Kadela: \"Activlab  high whey protein isolate  strawberry  700 g\"."
"----------","5907368889597","----------","----------","2","Michal Kadela: \"Activlab  high whey protein isolate  yoghurt cherry  700 g\"."
"----------","5907368889610","----------","----------","8","Kamil Gadek: \"ActivLab High Whey Protein Isolate vanilla 700g \"."
"----------","5907368889634","----------","----------","8","Ewelina Stepien: \"HIGH WHEY PROTEIN ISOLATE CHOCOLATE 700G\"."
""
"Comments:"
"Username","Comment","Creted date"
"Michal Kadela","ACTIVLAB  MIXMASTER SHAKER 50 SZTUK","2014-12-09 09:04:30"
