6535,All American EFX,"Kre-Alkalyn Liquid, Grape - 16 fl oz."
2868,All American EFX,Test Charge - 30 day kit
739,All American EFX,ZMA Elite - 180 capsules
,Amazing Grass,Green SuperFood - 8.5 oz. (240g)
,Amazing Grass,"Wheat Grass Tablets, Organic - 200 tablets"
1046,Applied Nutriceuticals,Complete Balance - 60 capsules
1587,Applied Nutriceuticals,Lipo-PM - 120 capsules
1049,Applied Nutriceuticals,RPM - 110 capsules
6321,Atkins Nutritionals,"Advantage Meal Bars, Cinnamon Bun - 5 bars"
5402,Atkins Nutritionals,"Advantage Meal Bars, Cookies n' Creme - 5 bars"
5403,Atkins Nutritionals,"Advantage Meal Bars, Mudslide - 5 bars"
,Atkins Nutritionals,"Advantage Meal Bars, Peanut Fudge Granola - 5 bars"
,Atkins Nutritionals,"Advantage Meal Bars, Strawberry Almond - 5 bars"
284,Atkins Nutritionals,"Advantage Snack Bars, Caramel Fudge Brownie - 5 bars"
,Atkins Nutritionals,"Advantage Snack Bars, Cashew Trail Mix Bar - 5 bars"
2983,Atkins Nutritionals,"Advantage Snack Bars, Coconut Almond Delight - 5 bars"
2515,Atkins Nutritionals,"Advantage Snack Bars, Dark Chocolate Almond Coconut Crunch - 5 bars"
2516,Atkins Nutritionals,"Advantage Snack Bars, Dark Chocolate Decadence - 5 bars"
,Atkins Nutritionals,"Advantage Snack Bars, Triple Chocolate - 5 bars"
2984,Atkins Nutritionals,"Day Break Bars, Cherry Pecan - 5 bars"
2518,Atkins Nutritionals,"Day Break Bars, Chocolate Hazelnut - 5 bars"
2987,Atkins Nutritionals,"Day Break Bars, Peanut Butter Fudge Crisp - 5 bars"
,Atkins Nutritionals,"Day Break Bars, Vanilla Fruit & Nut Bar - 5 bars"
2521,Atkins Nutritionals,"Endulge Candy Bars, Chocolate Caramel Mousse - 5 bars"
2522,Atkins Nutritionals,"Endulge Candy Bars, Chocolate Coconut Bar - 5 bars"
2989,Atkins Nutritionals,"Endulge Candy Bars, Nutty Fudge Brownie - 5 bars"
5124,Atkins Nutritionals,"Endulge Candy Bars, Peanut Butter Cups - 5 packs"
3642,Atkins Nutritionals,"Endulge Candy Bars, Peanut Caramel Cluster - 5 bars"
88,Axis Labs,Creatine Ethyl Ester - 240 capsules
2549,Axis Labs,Creatine Ethyl Ester - 396 capsules
,Balance,"Balance Gold Bars, Lemon Meringue Crunch - 15 bars"
1621,Beverly International,Fit Tabs (formerly called Ultra 4 Multi Vitamin) - 120 tablets
743,Beverly International,"Glutamine Select Plus BCAAs, Black Cherry - 552 grams"
1624,Beverly International,"Muscle Provider, Vanilla - 1lb. 14.68 oz."
,Beverly International,"Muscle Synergy Powder, Lemon - 403 grams"
2091,Beverly International,Quadracarn - 120 tablets
,Beverly International,"Ultimate Muscle Protein, Rocky Road - 2 lb. 0.8 oz."
2347,Beverly International,"Ultimate Muscle Protein, Vanilla - 2 lb. 0.8 oz."
