AD,AD Pumped - fruit punch
AD,AD UP - 60 caps
Alpha Designs,Alpha Bottle - pink
Alpha Designs,Alpha Bottle - purple
BPI Sports,24/7 Burn
BPI Sports,A-HD / Sliced Combo Pack
BPI Sports,Best Aminos Energy - blue icy rasberry
BPI Sports,Best Aminos Energy - hurricane orange
BPI Sports,Best Protein 2lbs - choc brownie
BPI Sports,Best Protein 2lbs - cookies & cream
BPI Sports,Best Protein 2lbs - vanilla swirl
BPI Sports,Bulk Muscle - vanilla
BPI Sports,Cutler Amino Pump - blue lemonade
BPI Sports,Cutler Amino Pump - fruit punch
BPI Sports,Cutler King
BPI Sports,Iso-HD 1.6lbs - vanilla
BPI Sports,Iso-HD 4.9lbs - vanilla
BPI Sports,Nite-Burn - 30 caps
BPI Sports,Vortex - blue lemonade
BPI Sports,Vortex - snow cone
BPI Sports,Whey-HD 2lbs - chocolate
BPI Sports,Whey-HD 2lbs - cookies & cream
BPI Sports,Whey-HD 2lbs - strawberry
BPI Sports,Whey-HD 2lbs - vanilla
BPI Sports,Whey-HD 4.6lbs - chocolate
BPI Sports,Whey-HD 4.6lbs - cookies & cream
Buff Bake,Buffbake Peanut Butter - cinnamon raisin
Care-Free,Care-Free Sauce - barbecue
Care-Free,Care-Free Sauce - bolognese
Care-Free,Care-Free Sauce - honey mustard
Care-Free,Care-Free Sauce - ketchup
Care-Free,Care-Free Syrup - caramel
Care-Free,Care-Free Syrup - chocolate
Care-Free,Care-Free Syrup - strawberry
Dedicated,Dedicated Joint
Dedicated,Enigma
Dedicated,Gainz - chocolate
Dedicated,Gainz - vanilla
Dedicated,IG-One
Fit Miss,FitMiss Delight 2lbs 