P1294,Syntrax,"Nectar, (Latte) Cappuccino - 907 grams","(Latte) Cappuccino"
P2838,Syntrax,"Nectar, (Sweets) Chocolate Truffle - 907 grams","(Sweets) Chocolate Truffle"
P4528,Syntrax,"Nectar, (Sweets) Double Stuffed Cookie - 907 grams","(Sweets) Double Stuffed Cookie"
P2839,Syntrax,"Nectar, (Sweets) Vanilla Bean Torte - 907 grams","(Sweets) Vanilla Bean Torte"
P3075,"Doctor's Best","High Absorption CoQ10, 100 mg - 60 veggie caps","100 mg"
P3267,"Doctor's Best","Best Ubiquinol, 100 mg - 60 softgels","100 mg"
P3187,Primaforce,"GlutaForm, 100% L-Glutamine - 1000 grams","100% L-Glutamine"
P4202,Primaforce,"GlutaForm, 100% L-Glutamine - 400 grams","100% L-Glutamine"
P1499,"Olimp Nutrition","MCT Oil - 400 ml.","100% Pure"
P1444,"Olimp Nutrition","MCT Oil - 2 x 400 ml.","100% Pure"
P6608,"NOW Foods","CoQ10, 100% Pure Powder - 28 grams","100% Pure Powder"
P3105,Labrada,"Power Carb, Fruit Punch - 1000 grams","1000 grams"
P7182,Kinetica,"100% Recovery, Blackcurrant - 1000 grams","1000 grams"
P7183,Kinetica,"100% Recovery, Orange & Mango - 1000 grams","1000 grams"
P7184,Kinetica,"100% Recovery, Wild Berry - 1000 grams","1000 grams"
P8107,Labrada,"Power Carb, Unflavored - 1000 grams","1000 grams"
P4087,"NOW Foods","Vitamin D-3, 1000 IU - 180 softgels","1000 IU"
P6561,"Betancourt Essentials","Vitamin D, 1000 IU - 100 tablets","1000 IU"
P778,"NOW Foods","L-Arginine, 1000mg - 120 tablets",1000mg
P6498,"NOW Foods","Virgin Coconut Oil, 1000mg